Parameter ;        PIN_SVM .  ;       Hinge_Loss_SVM.  ;    Insensitive Pin_SVM ;   Noise_level     ; Tau(t)   ;    Epsilon(z) 
b;-0.040684;-0.25714;-0.042207;0.9;0.5;0.2
w;(0.32866 -0.2485);(-0.38848 -0.85054);(0.23805 -0.26653);0.9;0.5;0.2
-w(1)/(w(2));1.3226;-0.45675;0.89314;0.9;0.5;0.2
-b/(w(2));-0.16372;-0.30233;-0.15835;0.9;0.5;0.2
